species,petal_length,petal_width
setosa,1.4,0.2
setosa,1.4,0.2
setosa,1.3,0.2
setosa,1.5,0.2
setosa,1.4,0.2
setosa,1.7,0.4
setosa,1.4,0.3
setosa,1.5,0.1
setosa,1.5,0.2
setosa,1.6,0.2
versicolor,4.7,1.4
versicolor,4.5,1.5
versicolor,4.9,1.5
versicolor,4.0,1.3
versicolor,4.6,1.5
versicolor,4.5,1.6
versicolor,4.7,1.2
versicolor,4.8,1.8
versicolor,4.9,1.5
versicolor,5.0,1.3
virginica,6.0,2.5
virginica,5.1,1.9
virginica,5.9,2.3
virginica,6.2,2.8
virginica,5.8,2.7
virginica,6.1,2.6
virginica,6.4,2.8
virginica,6.5,3.0
virginica,7.0,3.2
virginica,6.3,2.5